scenario_index,spearman,parameter_id,rainfall_id,event_name
0,0.8352407341629454,S20260731_XH01,DESIGN_200YR,S20260731_XH01__DESIGN_200YR
1,0.8393452228347592,S20260731_XH02,DESIGN_200YR,S20260731_XH02__DESIGN_200YR
2,0.8370345536644312,S20260731_XH03,DESIGN_200YR,S20260731_XH03__DESIGN_200YR
3,0.8352694353920682,S20260731_XH04,DESIGN_200YR,S20260731_XH04__DESIGN_200YR
4,0.8376429547851199,S20260731_XH05,DESIGN_200YR,S20260731_XH05__DESIGN_200YR
5,0.8454375028273002,S20260817_XH01,DESIGN_200YR,S20260817_XH01__DESIGN_200YR
6,0.8391964915901751,S20260817_XH02,DESIGN_200YR,S20260817_XH02__DESIGN_200YR
7,0.8446232909131242,S20260817_XH03,DESIGN_200YR,S20260817_XH03__DESIGN_200YR
8,0.8431216169855811,S20260817_XH04,DESIGN_200YR,S20260817_XH04__DESIGN_200YR
9,0.841910154724382,S20260817_XH05,DESIGN_200YR,S20260817_XH05__DESIGN_200YR
10,0.8458363490916486,S20260911_XH01,DESIGN_200YR,S20260911_XH01__DESIGN_200YR
11,0.8419097009657872,S20260911_XH02,DESIGN_200YR,S20260911_XH02__DESIGN_200YR
12,0.8417576652231279,S20260911_XH03,DESIGN_200YR,S20260911_XH03__DESIGN_200YR
13,0.8511366424700222,S20260911_XH04,DESIGN_200YR,S20260911_XH04__DESIGN_200YR
14,0.8464395016048574,S20260911_XH05,DESIGN_200YR,S20260911_XH05__DESIGN_200YR
15,0.8387148851695312,S20261023_XH01,DESIGN_200YR,S20261023_XH01__DESIGN_200YR
16,0.8392499455058882,S20261023_XH02,DESIGN_200YR,S20261023_XH02__DESIGN_200YR
17,0.8540622791757378,S20261023_XH03,DESIGN_200YR,S20261023_XH03__DESIGN_200YR
18,0.8428027271550672,S20261023_XH04,DESIGN_200YR,S20261023_XH04__DESIGN_200YR
19,0.8389506684258976,S20261023_XH05,DESIGN_200YR,S20261023_XH05__DESIGN_200YR
20,0.8466103858496934,S20261207_XH01,DESIGN_200YR,S20261207_XH01__DESIGN_200YR
21,0.8454355644841338,S20261207_XH02,DESIGN_200YR,S20261207_XH02__DESIGN_200YR
22,0.8425301317901407,S20261207_XH03,DESIGN_200YR,S20261207_XH03__DESIGN_200YR
23,0.8437408408919126,S20261207_XH04,DESIGN_200YR,S20261207_XH04__DESIGN_200YR
24,0.8389994210832079,S20261207_XH05,DESIGN_200YR,S20261207_XH05__DESIGN_200YR
25,0.7231301318490585,S20260731_XH01,OBS_20250606T0108,S20260731_XH01__OBS_20250606T0108
26,0.689683443874638,S20260731_XH02,OBS_20250606T0108,S20260731_XH02__OBS_20250606T0108
27,0.7174186222920816,S20260731_XH03,OBS_20250606T0108,S20260731_XH03__OBS_20250606T0108
28,0.714393376480555,S20260731_XH04,OBS_20250606T0108,S20260731_XH04__OBS_20250606T0108
29,0.6942686638315851,S20260731_XH05,OBS_20250606T0108,S20260731_XH05__OBS_20250606T0108
30,0.7004084443233455,S20260817_XH01,OBS_20250606T0108,S20260817_XH01__OBS_20250606T0108
31,0.6948042799448358,S20260817_XH02,OBS_20250606T0108,S20260817_XH02__OBS_20250606T0108
32,0.6955093258802876,S20260817_XH03,OBS_20250606T0108,S20260817_XH03__OBS_20250606T0108
33,0.6966200080475884,S20260817_XH04,OBS_20250606T0108,S20260817_XH04__OBS_20250606T0108
34,0.7066824490914199,S20260817_XH05,OBS_20250606T0108,S20260817_XH05__OBS_20250606T0108
35,0.6883739351589555,S20260911_XH01,OBS_20250606T0108,S20260911_XH01__OBS_20250606T0108
36,0.6920360194042868,S20260911_XH02,OBS_20250606T0108,S20260911_XH02__OBS_20250606T0108
37,0.6922704693290506,S20260911_XH03,OBS_20250606T0108,S20260911_XH03__OBS_20250606T0108
38,0.7227279912882626,S20260911_XH04,OBS_20250606T0108,S20260911_XH04__OBS_20250606T0108
39,0.7367607441899906,S20260911_XH05,OBS_20250606T0108,S20260911_XH05__OBS_20250606T0108
40,0.6883645268759074,S20261023_XH01,OBS_20250606T0108,S20261023_XH01__OBS_20250606T0108
41,0.688607364903105,S20261023_XH02,OBS_20250606T0108,S20261023_XH02__OBS_20250606T0108
42,0.6846260701355601,S20261023_XH03,OBS_20250606T0108,S20261023_XH03__OBS_20250606T0108
43,0.6814481875618578,S20261023_XH04,OBS_20250606T0108,S20261023_XH04__OBS_20250606T0108
44,0.6972559717874055,S20261023_XH05,OBS_20250606T0108,S20261023_XH05__OBS_20250606T0108
45,0.6834194683691158,S20261207_XH01,OBS_20250606T0108,S20261207_XH01__OBS_20250606T0108
46,0.6796212618679709,S20261207_XH02,OBS_20250606T0108,S20261207_XH02__OBS_20250606T0108
47,0.7123668635383937,S20261207_XH03,OBS_20250606T0108,S20261207_XH03__OBS_20250606T0108
48,0.6880791819145218,S20261207_XH04,OBS_20250606T0108,S20261207_XH04__OBS_20250606T0108
49,0.7124376339111668,S20261207_XH05,OBS_20250606T0108,S20261207_XH05__OBS_20250606T0108
50,0.7460106419799245,S20260731_XH01,OBS_20250608T0143,S20260731_XH01__OBS_20250608T0143
51,0.7130842851518111,S20260731_XH02,OBS_20250608T0143,S20260731_XH02__OBS_20250608T0143
52,0.7404774923739785,S20260731_XH03,OBS_20250608T0143,S20260731_XH03__OBS_20250608T0143
53,0.7389510741867472,S20260731_XH04,OBS_20250608T0143,S20260731_XH04__OBS_20250608T0143
54,0.714975626823914,S20260731_XH05,OBS_20250608T0143,S20260731_XH05__OBS_20250608T0143
55,0.7267350859799871,S20260817_XH01,OBS_20250608T0143,S20260817_XH01__OBS_20250608T0143
56,0.7173703477889681,S20260817_XH02,OBS_20250608T0143,S20260817_XH02__OBS_20250608T0143
57,0.7231528880865533,S20260817_XH03,OBS_20250608T0143,S20260817_XH03__OBS_20250608T0143
58,0.7238582795527435,S20260817_XH04,OBS_20250608T0143,S20260817_XH04__OBS_20250608T0143
59,0.7317549401374105,S20260817_XH05,OBS_20250608T0143,S20260817_XH05__OBS_20250608T0143
60,0.7121418990755592,S20260911_XH01,OBS_20250608T0143,S20260911_XH01__OBS_20250608T0143
61,0.7138643414193804,S20260911_XH02,OBS_20250608T0143,S20260911_XH02__OBS_20250608T0143
62,0.7215485728996224,S20260911_XH03,OBS_20250608T0143,S20260911_XH03__OBS_20250608T0143
63,0.7478536891888585,S20260911_XH04,OBS_20250608T0143,S20260911_XH04__OBS_20250608T0143
64,0.7571280597810599,S20260911_XH05,OBS_20250608T0143,S20260911_XH05__OBS_20250608T0143
65,0.7104055640895548,S20261023_XH01,OBS_20250608T0143,S20261023_XH01__OBS_20250608T0143
66,0.7120296508203482,S20261023_XH02,OBS_20250608T0143,S20261023_XH02__OBS_20250608T0143
67,0.7085828508544916,S20261023_XH03,OBS_20250608T0143,S20261023_XH03__OBS_20250608T0143
68,0.7054628865956059,S20261023_XH04,OBS_20250608T0143,S20261023_XH04__OBS_20250608T0143
69,0.7211037745953301,S20261023_XH05,OBS_20250608T0143,S20261023_XH05__OBS_20250608T0143
70,0.7091921816704798,S20261207_XH01,OBS_20250608T0143,S20261207_XH01__OBS_20250608T0143
71,0.7048635539931951,S20261207_XH02,OBS_20250608T0143,S20261207_XH02__OBS_20250608T0143
72,0.7362564378633507,S20261207_XH03,OBS_20250608T0143,S20261207_XH03__OBS_20250608T0143
73,0.7144691466254518,S20261207_XH04,OBS_20250608T0143,S20261207_XH04__OBS_20250608T0143
74,0.7331323006221953,S20261207_XH05,OBS_20250608T0143,S20261207_XH05__OBS_20250608T0143
75,0.7620001505347465,S20260731_XH01,OBS_20250621T0303,S20260731_XH01__OBS_20250621T0303
76,0.7354446473253237,S20260731_XH02,OBS_20250621T0303,S20260731_XH02__OBS_20250621T0303
77,0.7574821857630207,S20260731_XH03,OBS_20250621T0303,S20260731_XH03__OBS_20250621T0303
78,0.7577679964590347,S20260731_XH04,OBS_20250621T0303,S20260731_XH04__OBS_20250621T0303
79,0.7348568711514892,S20260731_XH05,OBS_20250621T0303,S20260731_XH05__OBS_20250621T0303
80,0.7527322847028534,S20260817_XH01,OBS_20250621T0303,S20260817_XH01__OBS_20250621T0303
81,0.7389287535220191,S20260817_XH02,OBS_20250621T0303,S20260817_XH02__OBS_20250621T0303
82,0.7467502702639751,S20260817_XH03,OBS_20250621T0303,S20260817_XH03__OBS_20250621T0303
83,0.7485417309312533,S20260817_XH04,OBS_20250621T0303,S20260817_XH04__OBS_20250621T0303
84,0.750319768239431,S20260817_XH05,OBS_20250621T0303,S20260817_XH05__OBS_20250621T0303
85,0.7387496408551174,S20260911_XH01,OBS_20250621T0303,S20260911_XH01__OBS_20250621T0303
86,0.7367119689112627,S20260911_XH02,OBS_20250621T0303,S20260911_XH02__OBS_20250621T0303
87,0.7484200646347449,S20260911_XH03,OBS_20250621T0303,S20260911_XH03__OBS_20250621T0303
88,0.7640965072595491,S20260911_XH04,OBS_20250621T0303,S20260911_XH04__OBS_20250621T0303
89,0.7746770394879041,S20260911_XH05,OBS_20250621T0303,S20260911_XH05__OBS_20250621T0303
90,0.7361652439182355,S20261023_XH01,OBS_20250621T0303,S20261023_XH01__OBS_20250621T0303
91,0.7365753174921998,S20261023_XH02,OBS_20250621T0303,S20261023_XH02__OBS_20250621T0303
92,0.7333025727587386,S20261023_XH03,OBS_20250621T0303,S20261023_XH03__OBS_20250621T0303
93,0.7312665703626368,S20261023_XH04,OBS_20250621T0303,S20261023_XH04__OBS_20250621T0303
94,0.7451485095205912,S20261023_XH05,OBS_20250621T0303,S20261023_XH05__OBS_20250621T0303
95,0.7331211970651003,S20261207_XH01,OBS_20250621T0303,S20261207_XH01__OBS_20250621T0303
96,0.7308456008161546,S20261207_XH02,OBS_20250621T0303,S20261207_XH02__OBS_20250621T0303
97,0.7550163058694463,S20261207_XH03,OBS_20250621T0303,S20261207_XH03__OBS_20250621T0303
98,0.7380667310647695,S20261207_XH04,OBS_20250621T0303,S20261207_XH04__OBS_20250621T0303
99,0.7508493337945251,S20261207_XH05,OBS_20250621T0303,S20261207_XH05__OBS_20250621T0303
100,0.7269066417698773,S20260731_XH01,OBS_20250626T2033,S20260731_XH01__OBS_20250626T2033
101,0.6971102225750468,S20260731_XH02,OBS_20250626T2033,S20260731_XH02__OBS_20250626T2033
102,0.7223844485712836,S20260731_XH03,OBS_20250626T2033,S20260731_XH03__OBS_20250626T2033
103,0.7208879363134261,S20260731_XH04,OBS_20250626T2033,S20260731_XH04__OBS_20250626T2033
104,0.6994189414271993,S20260731_XH05,OBS_20250626T2033,S20260731_XH05__OBS_20250626T2033
105,0.7084962095762573,S20260817_XH01,OBS_20250626T2033,S20260817_XH01__OBS_20250626T2033
106,0.7021545020741612,S20260817_XH02,OBS_20250626T2033,S20260817_XH02__OBS_20250626T2033
107,0.7070308554085887,S20260817_XH03,OBS_20250626T2033,S20260817_XH03__OBS_20250626T2033
108,0.706886040770384,S20260817_XH04,OBS_20250626T2033,S20260817_XH04__OBS_20250626T2033
109,0.7132276706500419,S20260817_XH05,OBS_20250626T2033,S20260817_XH05__OBS_20250626T2033
110,0.6974498673149656,S20260911_XH01,OBS_20250626T2033,S20260911_XH01__OBS_20250626T2033
111,0.7000167801303451,S20260911_XH02,OBS_20250626T2033,S20260911_XH02__OBS_20250626T2033
112,0.7022694200976844,S20260911_XH03,OBS_20250626T2033,S20260911_XH03__OBS_20250626T2033
113,0.7267290482849774,S20260911_XH04,OBS_20250626T2033,S20260911_XH04__OBS_20250626T2033
114,0.7376600480388991,S20260911_XH05,OBS_20250626T2033,S20260911_XH05__OBS_20250626T2033
115,0.6967313257206564,S20261023_XH01,OBS_20250626T2033,S20261023_XH01__OBS_20250626T2033
116,0.6965226837040945,S20261023_XH02,OBS_20250626T2033,S20261023_XH02__OBS_20250626T2033
117,0.69388579226481,S20261023_XH03,OBS_20250626T2033,S20261023_XH03__OBS_20250626T2033
118,0.6914368580147966,S20261023_XH04,OBS_20250626T2033,S20261023_XH04__OBS_20250626T2033
119,0.7041909262927691,S20261023_XH05,OBS_20250626T2033,S20261023_XH05__OBS_20250626T2033
120,0.694504718544811,S20261207_XH01,OBS_20250626T2033,S20261207_XH01__OBS_20250626T2033
121,0.6912796317705268,S20261207_XH02,OBS_20250626T2033,S20261207_XH02__OBS_20250626T2033
122,0.717106404442644,S20261207_XH03,OBS_20250626T2033,S20261207_XH03__OBS_20250626T2033
123,0.6984517560908834,S20261207_XH04,OBS_20250626T2033,S20261207_XH04__OBS_20250626T2033
124,0.7162372770927509,S20261207_XH05,OBS_20250626T2033,S20261207_XH05__OBS_20250626T2033
125,0.7882672340471235,S20260731_XH01,OBS_20250704T2353,S20260731_XH01__OBS_20250704T2353
126,0.7523271674324477,S20260731_XH02,OBS_20250704T2353,S20260731_XH02__OBS_20250704T2353
127,0.7790047024291731,S20260731_XH03,OBS_20250704T2353,S20260731_XH03__OBS_20250704T2353
128,0.7745631363223138,S20260731_XH04,OBS_20250704T2353,S20260731_XH04__OBS_20250704T2353
129,0.7587361775803414,S20260731_XH05,OBS_20250704T2353,S20260731_XH05__OBS_20250704T2353
130,0.7728827507025403,S20260817_XH01,OBS_20250704T2353,S20260817_XH01__OBS_20250704T2353
131,0.7535379421811613,S20260817_XH02,OBS_20250704T2353,S20260817_XH02__OBS_20250704T2353
132,0.7566498612070113,S20260817_XH03,OBS_20250704T2353,S20260817_XH03__OBS_20250704T2353
133,0.7603500926668532,S20260817_XH04,OBS_20250704T2353,S20260817_XH04__OBS_20250704T2353
134,0.7731385827258669,S20260817_XH05,OBS_20250704T2353,S20260817_XH05__OBS_20250704T2353
135,0.7503647191715257,S20260911_XH01,OBS_20250704T2353,S20260911_XH01__OBS_20250704T2353
136,0.755709103871288,S20260911_XH02,OBS_20250704T2353,S20260911_XH02__OBS_20250704T2353
137,0.7626242961474818,S20260911_XH03,OBS_20250704T2353,S20260911_XH03__OBS_20250704T2353
138,0.794142858285301,S20260911_XH04,OBS_20250704T2353,S20260911_XH04__OBS_20250704T2353
139,0.8008435873056362,S20260911_XH05,OBS_20250704T2353,S20260911_XH05__OBS_20250704T2353
140,0.7521978697413871,S20261023_XH01,OBS_20250704T2353,S20261023_XH01__OBS_20250704T2353
141,0.7559183433588446,S20261023_XH02,OBS_20250704T2353,S20261023_XH02__OBS_20250704T2353
142,0.7520219418122293,S20261023_XH03,OBS_20250704T2353,S20261023_XH03__OBS_20250704T2353
143,0.7452283293389703,S20261023_XH04,OBS_20250704T2353,S20261023_XH04__OBS_20250704T2353
144,0.7664225350282723,S20261023_XH05,OBS_20250704T2353,S20261023_XH05__OBS_20250704T2353
145,0.7426650323985333,S20261207_XH01,OBS_20250704T2353,S20261207_XH01__OBS_20250704T2353
146,0.7400709042692609,S20261207_XH02,OBS_20250704T2353,S20261207_XH02__OBS_20250704T2353
147,0.7795062178964977,S20261207_XH03,OBS_20250704T2353,S20261207_XH03__OBS_20250704T2353
148,0.748564693422655,S20261207_XH04,OBS_20250704T2353,S20261207_XH04__OBS_20250704T2353
149,0.7768998999395544,S20261207_XH05,OBS_20250704T2353,S20261207_XH05__OBS_20250704T2353
150,0.7843142040488339,S20260731_XH01,OBS_20250715T1033,S20260731_XH01__OBS_20250715T1033
151,0.7469556672190699,S20260731_XH02,OBS_20250715T1033,S20260731_XH02__OBS_20250715T1033
152,0.77124936879568,S20260731_XH03,OBS_20250715T1033,S20260731_XH03__OBS_20250715T1033
153,0.7802988277083049,S20260731_XH04,OBS_20250715T1033,S20260731_XH04__OBS_20250715T1033
154,0.7577040887968985,S20260731_XH05,OBS_20250715T1033,S20260731_XH05__OBS_20250715T1033
155,0.7560790572901449,S20260817_XH01,OBS_20250715T1033,S20260817_XH01__OBS_20250715T1033
156,0.784048905192963,S20260817_XH02,OBS_20250715T1033,S20260817_XH02__OBS_20250715T1033
157,0.7460768312981824,S20260817_XH03,OBS_20250715T1033,S20260817_XH03__OBS_20250715T1033
158,0.7493953550842631,S20260817_XH04,OBS_20250715T1033,S20260817_XH04__OBS_20250715T1033
159,0.7731937070764704,S20260817_XH05,OBS_20250715T1033,S20260817_XH05__OBS_20250715T1033
160,0.7407334459318653,S20260911_XH01,OBS_20250715T1033,S20260911_XH01__OBS_20250715T1033
161,0.749394760718166,S20260911_XH02,OBS_20250715T1033,S20260911_XH02__OBS_20250715T1033
162,0.7531228235922806,S20260911_XH03,OBS_20250715T1033,S20260911_XH03__OBS_20250715T1033
163,0.7829632760002097,S20260911_XH04,OBS_20250715T1033,S20260911_XH04__OBS_20250715T1033
164,0.7913002908937016,S20260911_XH05,OBS_20250715T1033,S20260911_XH05__OBS_20250715T1033
165,0.7845588708606718,S20261023_XH01,OBS_20250715T1033,S20261023_XH01__OBS_20250715T1033
166,0.8037266900214973,S20261023_XH02,OBS_20250715T1033,S20261023_XH02__OBS_20250715T1033
167,0.7423495943268089,S20261023_XH03,OBS_20250715T1033,S20261023_XH03__OBS_20250715T1033
168,0.761428055424068,S20261023_XH04,OBS_20250715T1033,S20261023_XH04__OBS_20250715T1033
169,0.8045835663328827,S20261023_XH05,OBS_20250715T1033,S20261023_XH05__OBS_20250715T1033
170,0.7603971855346809,S20261207_XH01,OBS_20250715T1033,S20261207_XH01__OBS_20250715T1033
171,0.7294882318793996,S20261207_XH02,OBS_20250715T1033,S20261207_XH02__OBS_20250715T1033
172,0.7745658318169196,S20261207_XH03,OBS_20250715T1033,S20261207_XH03__OBS_20250715T1033
173,0.7732276342916918,S20261207_XH04,OBS_20250715T1033,S20261207_XH04__OBS_20250715T1033
174,0.7698225867699258,S20261207_XH05,OBS_20250715T1033,S20261207_XH05__OBS_20250715T1033
175,0.7960882229565008,S20260731_XH01,OBS_20250723T1103,S20260731_XH01__OBS_20250723T1103
176,0.75622862907491,S20260731_XH02,OBS_20250723T1103,S20260731_XH02__OBS_20250723T1103
177,0.7871593844334764,S20260731_XH03,OBS_20250723T1103,S20260731_XH03__OBS_20250723T1103
178,0.7864551799252529,S20260731_XH04,OBS_20250723T1103,S20260731_XH04__OBS_20250723T1103
179,0.7613511670725066,S20260731_XH05,OBS_20250723T1103,S20260731_XH05__OBS_20250723T1103
180,0.7764916205528007,S20260817_XH01,OBS_20250723T1103,S20260817_XH01__OBS_20250723T1103
181,0.7819556400589789,S20260817_XH02,OBS_20250723T1103,S20260817_XH02__OBS_20250723T1103
182,0.7722431103205004,S20260817_XH03,OBS_20250723T1103,S20260817_XH03__OBS_20250723T1103
183,0.7758855973397871,S20260817_XH04,OBS_20250723T1103,S20260817_XH04__OBS_20250723T1103
184,0.8289492953222055,S20260817_XH05,OBS_20250723T1103,S20260817_XH05__OBS_20250723T1103
185,0.7595414983990463,S20260911_XH01,OBS_20250723T1103,S20260911_XH01__OBS_20250723T1103
186,0.7590187684976253,S20260911_XH02,OBS_20250723T1103,S20260911_XH02__OBS_20250723T1103
187,0.7687654938031824,S20260911_XH03,OBS_20250723T1103,S20260911_XH03__OBS_20250723T1103
188,0.8007307956933586,S20260911_XH04,OBS_20250723T1103,S20260911_XH04__OBS_20250723T1103
189,0.8089522245668036,S20260911_XH05,OBS_20250723T1103,S20260911_XH05__OBS_20250723T1103
190,0.7594258489503786,S20261023_XH01,OBS_20250723T1103,S20261023_XH01__OBS_20250723T1103
191,0.7633179027533494,S20261023_XH02,OBS_20250723T1103,S20261023_XH02__OBS_20250723T1103
192,0.7557311468694664,S20261023_XH03,OBS_20250723T1103,S20261023_XH03__OBS_20250723T1103
193,0.7484469171191844,S20261023_XH04,OBS_20250723T1103,S20261023_XH04__OBS_20250723T1103
194,0.7716209664795531,S20261023_XH05,OBS_20250723T1103,S20261023_XH05__OBS_20250723T1103
195,0.7904601592946515,S20261207_XH01,OBS_20250723T1103,S20261207_XH01__OBS_20250723T1103
196,0.7452667843818924,S20261207_XH02,OBS_20250723T1103,S20261207_XH02__OBS_20250723T1103
197,0.7862635815783022,S20261207_XH03,OBS_20250723T1103,S20261207_XH03__OBS_20250723T1103
198,0.8039674845825687,S20261207_XH04,OBS_20250723T1103,S20261207_XH04__OBS_20250723T1103
199,0.781600295626519,S20261207_XH05,OBS_20250723T1103,S20261207_XH05__OBS_20250723T1103
200,0.7612763470262514,S20260731_XH01,OBS_20250816T0913,S20260731_XH01__OBS_20250816T0913
201,0.7377219969542557,S20260731_XH02,OBS_20250816T0913,S20260731_XH02__OBS_20250816T0913
202,0.7576445049263402,S20260731_XH03,OBS_20250816T0913,S20260731_XH03__OBS_20250816T0913
203,0.7548107115315807,S20260731_XH04,OBS_20250816T0913,S20260731_XH04__OBS_20250816T0913
204,0.7360266665755957,S20260731_XH05,OBS_20250816T0913,S20260731_XH05__OBS_20250816T0913
205,0.752821520344746,S20260817_XH01,OBS_20250816T0913,S20260817_XH01__OBS_20250816T0913
206,0.7379830518587709,S20260817_XH02,OBS_20250816T0913,S20260817_XH02__OBS_20250816T0913
207,0.7423642361364083,S20260817_XH03,OBS_20250816T0913,S20260817_XH03__OBS_20250816T0913
208,0.7442364378895162,S20260817_XH04,OBS_20250816T0913,S20260817_XH04__OBS_20250816T0913
209,0.7485411800337217,S20260817_XH05,OBS_20250816T0913,S20260817_XH05__OBS_20250816T0913
210,0.7365264659217041,S20260911_XH01,OBS_20250816T0913,S20260911_XH01__OBS_20250816T0913
211,0.7364861448353713,S20260911_XH02,OBS_20250816T0913,S20260911_XH02__OBS_20250816T0913
212,0.752070409262546,S20260911_XH03,OBS_20250816T0913,S20260911_XH03__OBS_20250816T0913
213,0.7654131457070552,S20260911_XH04,OBS_20250816T0913,S20260911_XH04__OBS_20250816T0913
214,0.7717855752830166,S20260911_XH05,OBS_20250816T0913,S20260911_XH05__OBS_20250816T0913
215,0.741533896053472,S20261023_XH01,OBS_20250816T0913,S20261023_XH01__OBS_20250816T0913
216,0.7400018970347234,S20261023_XH02,OBS_20250816T0913,S20261023_XH02__OBS_20250816T0913
217,0.732487050577447,S20261023_XH03,OBS_20250816T0913,S20261023_XH03__OBS_20250816T0913
218,0.7360516822913726,S20261023_XH04,OBS_20250816T0913,S20261023_XH04__OBS_20250816T0913
219,0.7488595775163412,S20261023_XH05,OBS_20250816T0913,S20261023_XH05__OBS_20250816T0913
220,0.7310654359882829,S20261207_XH01,OBS_20250816T0913,S20261207_XH01__OBS_20250816T0913
221,0.7304655484963293,S20261207_XH02,OBS_20250816T0913,S20261207_XH02__OBS_20250816T0913
222,0.7509334383714843,S20261207_XH03,OBS_20250816T0913,S20261207_XH03__OBS_20250816T0913
223,0.7364771370841036,S20261207_XH04,OBS_20250816T0913,S20261207_XH04__OBS_20250816T0913
224,0.7484724952649698,S20261207_XH05,OBS_20250816T0913,S20261207_XH05__OBS_20250816T0913
